City_ID,City,Lat,Lng,Max Temp,Humidity,Cloudiness,Wind Speed,Country,Date
0,westport,41.1415,-73.3579,17.55,55,75,6.69,US,1715449402
1,adamstown,-25.066,-130.1015,21.37,68,73,5.7,PN,1715449928
2,ushuaia,-54.8,-68.3,6.81,65,20,10.8,AR,1715449730
3,san patricio,28.017,-97.5169,28.05,71,95,6.27,US,1715449929
4,kostomuksha,64.571,30.5767,-1.09,94,96,6.26,RU,1715449743
5,puerto natales,-51.7236,-72.4875,2.25,87,75,0.51,CL,1715449906
6,siping,43.1633,124.3686,8.29,69,62,4.66,CN,1715449930
7,thompson,55.7435,-97.8558,14.09,51,75,5.14,CA,1715449930
8,kingscliff,-28.2667,153.5667,18.18,100,75,3.6,AU,1715449930
9,qaqortoq,60.7167,-46.0333,0.9,91,100,2.28,GL,1715449930
10,port-aux-francais,-49.35,70.2167,3.67,97,100,8.12,TF,1715449931
11,solnechnyy,50.7214,136.6319,6.13,97,100,1.2,RU,1715449931
12,bredasdorp,-34.5322,20.0403,12.66,73,16,2.03,ZA,1715449931
13,lihue,21.9789,-159.3672,22.58,89,100,4.12,US,1715449931
14,hawaiian paradise park,19.5933,-154.9731,23.91,92,0,0.0,US,1715449931
15,blackmans bay,-43.0167,147.3167,9.18,94,32,3.36,AU,1715449932
16,faya-largeau,17.9257,19.1043,35.16,14,4,4.99,TD,1715449932
17,utrik,11.2278,169.8474,27.04,83,100,6.89,MH,1715449932
18,albany,42.6001,-73.9662,18.84,51,65,0.45,US,1715449927
19,ocana,8.2377,-73.356,25.16,74,84,0.8,CO,1715449933
20,rabaul,-4.1967,152.1721,27.0,83,100,1.96,PG,1715449933
21,tympaki,35.0729,24.7685,17.98,63,23,6.71,GR,1715449933
22,chernyshevskiy,63.0128,112.4714,-0.58,75,100,4.88,RU,1715449934
23,santana,-0.0583,-51.1817,29.1,79,75,5.14,BR,1715449934
24,port sudan,19.6175,37.2164,30.69,73,20,0.74,SD,1715449934
25,avarua,-21.2078,-159.775,24.03,88,100,1.03,CK,1715449935
26,road town,18.4167,-64.6167,30.02,74,20,3.6,VG,1715449935
27,alofi,-19.0595,-169.9187,21.94,68,75,3.6,NU,1715449935
28,papatowai,-46.5619,169.4708,9.42,87,97,3.73,NZ,1715449935
29,bethel,41.3712,-73.414,16.75,52,75,4.12,US,1715449926
30,hotan,37.0997,79.9269,22.75,7,100,2.38,CN,1715449936
31,edinburgh of the seven seas,-37.0676,-12.3116,16.25,85,95,10.1,SH,1715449936
32,enewetak,11.3474,162.3373,27.51,80,100,8.06,MH,1715449936
33,lady frere,-31.7031,27.2329,10.88,83,0,2.74,ZA,1715449937
34,hermanus,-34.4187,19.2345,14.72,71,5,1.09,ZA,1715449937
35,dukhan,25.4297,50.7858,28.2,57,61,3.93,QA,1715449937
36,aasiaat,68.7098,-52.8699,-1.39,73,83,2.76,GL,1715449937
37,tame,6.461,-71.73,30.04,58,63,3.09,CO,1715449937
38,pacasmayo,-7.4006,-79.5714,22.05,73,75,6.11,PE,1715449938
39,kerrville,30.0474,-99.1403,28.08,57,0,5.66,US,1715449938
40,hilo,19.7297,-155.09,25.71,84,0,0.0,US,1715449938
41,pecanha,-18.5486,-42.5569,27.4,59,18,1.88,BR,1715449938
42,alliance,40.9153,-81.1059,14.64,93,100,5.4,US,1715449939
43,longboat key,27.4125,-82.659,32.31,58,0,4.12,US,1715449655
44,anadyr,64.75,177.4833,-2.72,93,100,2.0,RU,1715449939
45,port mathurin,-19.6833,63.4167,25.4,77,67,11.3,MU,1715449939
46,al bayda,32.7627,21.7551,13.43,90,1,5.43,LY,1715449940
47,whangarei,-35.7317,174.3239,5.57,95,0,0.76,NZ,1715449940
48,jamestown,42.097,-79.2353,12.77,73,100,4.47,US,1715449686
49,keflavik,64.0049,-22.5624,11.95,87,100,8.75,IS,1715449940
50,prymors'k,46.7348,36.3443,13.91,66,47,3.4,UA,1715449941
51,al qadarif,14.0349,35.3834,31.88,41,72,5.63,SD,1715449941
52,argo,37.6333,22.7333,17.67,52,99,2.13,GR,1715449941
53,dauphin,51.1494,-100.0502,28.08,18,0,10.8,CA,1715449941
54,talnakh,69.4865,88.3972,-3.22,98,100,1.9,RU,1715449942
55,badger,64.8,-147.5333,10.56,40,20,3.09,US,1715449942
56,bilibino,68.0546,166.4372,-5.39,89,69,0.93,RU,1715449942
57,san antonio de pale,-1.4014,5.6325,26.84,87,79,4.18,GQ,1715449942
58,tiksi,71.6872,128.8694,-5.31,97,100,2.53,RU,1715449943
59,nasiriyah,31.0521,46.261,35.01,14,0,5.51,IQ,1715449944
60,mount pearl,47.5166,-52.7813,4.36,89,75,5.66,CA,1715449803
61,atar,20.5169,-13.0499,41.68,8,96,6.95,MR,1715449944
62,labytnangi,66.6572,66.4183,-2.57,89,99,4.45,RU,1715449944
63,pangody,65.85,74.4859,-3.81,93,86,3.5,RU,1715449945
64,inari,68.906,27.0288,7.11,98,47,0.52,FI,1715449945
65,margaret river,-33.95,115.0667,12.36,81,34,3.53,AU,1715449945
66,grytviken,-54.2811,-36.5092,-3.66,81,20,4.61,GS,1715449945
67,howard springs,-12.497,131.047,24.95,84,40,2.46,AU,1715449946
68,cidreira,-30.1811,-50.2056,18.95,97,100,1.71,BR,1715449946
69,aykhal,66.0,111.5,-8.62,93,100,4.01,RU,1715449946
70,ad dilam,23.9915,47.1627,34.23,17,5,4.62,SA,1715449946
71,nova vicosa,-17.8919,-39.3719,27.28,70,75,3.16,BR,1715449946
72,ladario,-19.0047,-57.6017,35.16,43,20,4.63,BR,1715449947
73,waitangi,-43.9535,-176.5597,9.9,83,100,4.47,NZ,1715449947
74,harstad,68.799,16.5293,6.66,92,100,13.41,NO,1715449947
75,iquique,-20.2208,-70.1431,20.02,68,68,5.01,CL,1715449438
76,escanaba,45.7453,-87.0646,14.44,67,100,4.12,US,1715449948
77,ulladulla,-35.35,150.4667,13.68,95,100,1.87,AU,1715449948
78,novyy urengoy,66.0833,76.6333,-6.74,96,99,2.28,RU,1715449948
79,porto novo,6.4965,2.6036,25.9,75,100,4.65,BJ,1715449834
80,kodiak,57.79,-152.4072,3.73,93,100,0.0,US,1715449949
81,kathmandu,27.7167,85.3167,21.12,83,20,2.06,NP,1715449325
82,haiku-pauwela,20.9219,-156.3051,25.58,86,40,1.54,US,1715449949
83,invercargill,-46.4,168.35,8.34,98,98,0.45,NZ,1715449842
84,at taj,24.2049,23.2857,25.22,25,0,5.0,LY,1715449950
85,puerto ayora,-0.7393,-90.3518,27.98,94,70,0.89,EC,1715449950
86,ribeira grande,38.5167,-28.7,20.43,83,40,6.69,PT,1715449950
87,pavlodar,52.3,76.95,5.89,70,0,0.0,KZ,1715449950
88,padang,-0.9492,100.3543,26.03,88,100,1.95,ID,1715449951
89,calistoga,38.5788,-122.5797,31.14,37,0,1.16,US,1715449951
90,nizhniy odes,63.6445,54.856,-0.32,94,100,2.28,RU,1715449951
91,pinehurst,35.1954,-79.4695,21.61,36,20,3.09,US,1715449951
92,iqaluit,63.7506,-68.5145,1.85,74,75,5.14,CA,1715449952
93,pauini,-7.7136,-66.9764,36.1,36,66,0.37,BR,1715449952
94,touros,-5.1989,-35.4608,29.39,71,82,5.46,BR,1715449952
95,al quwayrah,29.8004,35.3116,28.0,35,0,2.83,JO,1715449952
96,vadso,70.0744,29.7487,5.49,81,100,2.06,NO,1715449953
97,laminusa,5.5549,120.9136,29.32,73,50,3.65,PH,1715449953
98,stanley,54.868,-1.6985,20.77,67,0,3.6,GB,1715449953
99,manokwari,-0.8667,134.0833,26.31,83,99,2.54,ID,1715449954
100,ulsteinvik,62.3432,5.8487,17.5,77,100,0.45,NO,1715449954
101,zuunmod,47.7069,106.9528,2.57,37,92,1.0,MN,1715449954
102,sisimiut,66.9395,-53.6735,-0.46,78,94,4.94,GL,1715449954
103,klyuchi,52.2667,79.1667,9.7,45,79,2.57,RU,1715449955
104,novodvinsk,64.4165,40.8122,3.86,95,47,1.84,RU,1715449955
105,sitka,57.0531,-135.33,7.94,71,40,1.54,US,1715449955
106,pacific grove,36.6177,-121.9166,23.56,77,0,4.47,US,1715449955
107,puerto aysen,-45.4,-72.7,6.17,83,50,0.65,CL,1715449956
108,okha,53.5739,142.9478,0.14,85,86,1.34,RU,1715449956
109,west island,-12.1568,96.8225,27.99,89,75,3.09,CC,1715449956
110,mahibadhoo,3.7833,72.9667,29.05,79,84,4.48,MV,1715449957
111,atafu village,-8.5421,-172.5159,29.16,76,26,5.16,TK,1715449957
112,dalhart,36.0595,-102.5133,19.71,45,100,7.2,US,1715449957
113,la'ie,21.6477,-157.9253,22.98,94,2,0.45,US,1715449957
114,annaba,36.9,7.7667,18.98,82,0,5.66,DZ,1715449958
115,coquimbo,-29.9533,-71.3436,15.85,63,0,4.63,CL,1715449958
116,lochow,52.5308,21.6816,9.34,61,100,2.81,PL,1715449958
117,tofol,5.3248,163.0078,27.69,78,100,1.06,FM,1715449958
118,martapura,-3.4167,114.85,27.05,89,100,2.57,ID,1715449958
119,kupwara,34.0306,74.2642,4.17,77,18,1.57,IN,1715449923
120,port lincoln,-34.7333,135.8667,13.05,89,6,1.1,AU,1715449959
121,olonkinbyen,70.9221,-8.7187,-1.93,76,100,5.44,SJ,1715449959
122,punta arenas,-53.15,-70.9167,6.06,75,75,6.69,CL,1715449402
123,noyabrsk,63.1994,75.4507,1.8,100,40,3.13,RU,1715449960
124,ascension,30.2169,-90.9001,28.9,49,0,1.54,US,1715449960
125,lucapa,-8.4192,20.7447,23.69,54,54,1.54,AO,1715449960
126,afaahiti,-17.75,-149.2833,26.93,76,58,5.35,PF,1715449960
127,salisbury,51.0693,-1.7957,23.16,47,20,4.63,GB,1715449961
128,redencao,-4.2258,-38.7306,29.5,64,82,2.33,BR,1715449961
129,la ronge,55.1001,-105.2842,16.12,29,20,9.77,CA,1715449961
130,chifeng,42.2683,118.9636,9.37,51,1,4.08,CN,1715449961
131,ryotsu-minato,38.0833,138.4333,16.27,51,100,0.7,JP,1715449961
132,igrim,63.1906,64.4162,0.71,95,99,5.39,RU,1715449962
133,nar'yan-mar,67.6713,53.087,-3.83,94,98,5.36,RU,1715449962
134,ancud,-41.8697,-73.8203,8.33,80,89,3.28,CL,1715449962
135,pathein,16.7833,94.7333,28.28,74,11,2.46,MM,1715449962
136,lompoc,34.6391,-120.4579,24.91,94,40,1.54,US,1715449807
137,sinabang,2.4803,96.3801,25.03,97,100,2.67,ID,1715449963
138,doma,8.3833,8.35,33.51,50,37,2.76,NG,1715449963
139,muroto-misakicho,33.2833,134.15,20.58,78,100,5.27,JP,1715449963
140,wang saphung,17.301,101.7685,27.61,66,19,1.52,TH,1715449964
141,yamada,39.4667,141.95,12.3,90,93,3.54,JP,1715449964
142,tomatlan,19.9333,-105.25,32.27,43,6,4.45,MX,1715449964
143,lawas,13.764,121.0566,25.95,85,8,2.44,PH,1715449964
144,lazaro cardenas,17.9583,-102.2,28.87,48,89,4.0,MX,1715449965
145,hamilton,39.1834,-84.5333,21.46,44,40,9.26,US,1715449684
146,mukalla,14.5425,49.1242,29.32,70,53,0.93,YE,1715449965
147,vorgashor,67.5833,63.95,-10.11,96,11,2.66,RU,1715449965
148,isafjordur,66.0755,-23.124,8.02,87,75,3.09,IS,1715449966
149,tekeli,44.83,78.8239,11.96,96,100,0.44,KZ,1715449863
150,miragoane,18.4423,-73.0876,29.65,65,38,1.68,HT,1715449966
151,ilulissat,69.2167,-51.1,0.01,59,75,2.06,GL,1715449966
152,longyearbyen,78.2186,15.6401,1.91,69,75,6.69,SJ,1715449966
153,iskateley,67.6803,53.1512,-3.88,94,99,5.36,RU,1715449967
154,winnemucca,40.973,-117.7357,19.03,27,0,0.84,US,1715449967
155,yreka,41.7354,-122.6345,23.6,44,0,0.0,US,1715449967
156,namtsy,62.7161,129.6658,-1.94,64,67,0.68,RU,1715449967
157,luanda,-8.8368,13.2343,28.0,83,20,5.14,AO,1715449968
158,shenjiamen,29.9576,122.298,18.02,99,100,3.78,CN,1715449968
159,port elizabeth,-33.918,25.5701,16.16,71,0,6.69,ZA,1715449968
160,mount isa,-20.7333,139.5,17.87,72,0,5.66,AU,1715449968
161,nova sintra,14.8667,-24.7167,24.09,78,16,12.61,CV,1715449969
162,rosarito,32.3333,-117.0333,22.36,68,31,5.61,MX,1715449801
163,ipilan,8.8431,117.9033,27.01,84,8,1.41,PH,1715449969
164,broome,42.2506,-75.833,16.11,73,100,5.14,US,1715449969
165,arenapolis,-14.4503,-56.8461,34.69,29,0,0.88,BR,1715449970
166,nadym,65.5333,72.5167,-1.69,85,76,4.32,RU,1715449970
167,bac lieu,9.285,105.7244,30.01,72,89,3.29,VN,1715449970
168,kristiansund,63.1115,7.732,12.03,87,75,1.03,NO,1715449970
169,kismayo,-0.3582,42.5454,26.93,85,87,4.81,SO,1715449970
170,codrington,-38.2667,141.9667,9.48,93,9,2.78,AU,1715449971
171,ilhabela,-23.7781,-45.3581,29.0,56,9,2.23,BR,1715449971
172,giado,31.9582,12.0203,22.79,36,53,4.85,LY,1715449971
173,luuq,3.7938,42.5445,31.45,53,81,4.42,SO,1715449972
174,bamboo flat,11.7,92.7167,29.05,89,20,1.03,IN,1715449972
175,chibougamau,49.9168,-74.3659,14.79,31,100,4.12,CA,1715449972
176,hithadhoo,-0.6,73.0833,28.94,78,93,3.26,MV,1715449972
177,arawa,-6.2132,155.5367,25.3,94,100,0.64,PG,1715449973
178,howrah,22.5892,88.3103,25.0,88,75,4.12,IN,1715449973
179,kailua-kona,19.6406,-155.9956,22.98,85,20,1.54,US,1715449973
180,holualoa,19.6228,-155.9522,20.91,86,20,1.54,US,1715449806
181,sao jose da coroa grande,-8.8978,-35.1478,28.19,75,43,3.79,BR,1715449974
182,qarshi,38.8667,65.8,16.9,77,0,2.06,UZ,1715449974
183,mossel bay,-34.1831,22.146,11.96,73,3,1.65,ZA,1715449974
184,port alfred,-33.5906,26.891,15.73,72,6,5.28,ZA,1715449974
185,vernon,50.2581,-119.2691,24.23,32,67,1.54,CA,1715449818
186,mbekenyera,-10.0,38.9833,21.7,82,12,2.11,TZ,1715449975
187,greenville,35.6127,-77.3663,19.51,61,100,2.06,US,1715449857
188,karratha,-20.7377,116.8463,24.76,41,99,2.33,AU,1715449975
189,nguigmi,14.2495,13.1092,34.71,24,78,3.56,NE,1715449976
190,kralendijk,12.15,-68.2667,31.99,70,40,7.72,BQ,1715449976
191,banda aceh,5.5577,95.3222,27.52,78,100,3.69,ID,1715449976
192,oltinko'l,40.8011,72.1634,17.07,71,100,1.3,UZ,1715449976
193,pariaman,-0.619,100.12,26.03,92,100,1.55,ID,1715449977
194,rakops,-21.0167,24.3333,23.15,23,0,2.96,BW,1715449977
195,gazli,40.1333,63.45,21.29,39,0,3.95,UZ,1715449977
196,arraial do cabo,-22.9661,-42.0278,33.98,65,0,4.12,BR,1715449794
197,saipan,15.1355,145.701,27.39,83,40,5.66,MP,1715449977
198,kangding,30.0513,101.9603,7.62,99,100,1.4,CN,1715449978
199,labrador city,52.9463,-66.9114,15.66,26,75,4.12,CA,1715449978
200,pulandian,39.3953,121.9669,13.25,50,5,2.87,CN,1715449978
201,east grand forks,47.93,-97.0245,26.13,27,75,5.66,US,1715449978
202,envira,-7.3,-70.2167,32.96,51,43,0.73,BR,1715449979
203,chenaran,36.6455,59.1212,15.24,48,0,4.24,IR,1715449979
204,kibaya,-5.3,36.5667,15.72,90,80,1.86,TZ,1715449979
205,valparaiso,-33.0393,-71.6273,18.41,52,0,4.12,CL,1715449826
206,tsiombe,-25.3,45.4833,20.84,94,0,2.01,MG,1715449980
207,mata-utu,-13.2816,-176.1745,28.29,69,99,9.95,WF,1715449980
208,dara,15.3484,-15.4799,44.98,6,68,1.64,SN,1715449980
209,zhanjiang,21.2815,110.3427,25.19,95,68,2.51,CN,1715449980
210,dzhambeyty,50.2536,52.595,12.11,52,42,5.76,KZ,1715449981
211,letlhakane,-21.4167,25.5833,20.45,23,0,2.03,BW,1715449981
212,susuman,62.7833,148.1667,-0.01,89,100,2.68,RU,1715449981
213,alpena,45.0617,-83.4327,9.18,97,100,6.69,US,1715449822
214,saint john,45.2727,-66.0677,12.57,47,75,6.17,CA,1715449981
215,volodymyr-volynskyi,50.8525,24.3236,9.42,62,100,3.05,UA,1715449982
216,mizdah,31.4451,12.9801,23.83,30,59,3.61,LY,1715449982
217,harper,4.375,-7.7169,28.86,77,94,3.16,LR,1715449982
218,geraldton,-28.7667,114.6,18.23,88,75,4.63,AU,1715449982
219,itaituba,-4.2761,-55.9836,34.09,59,20,1.03,BR,1715449983
220,mafinga,-7.25,35.0667,22.65,57,20,2.57,TZ,1715449983
221,udachny,66.4167,112.4,-3.64,62,98,3.45,RU,1715449983
222,dryden,49.7833,-92.7503,12.16,58,100,4.12,CA,1715449984
223,richards bay,-28.783,32.0377,22.1,74,91,4.33,ZA,1715449984
224,mendoza,-32.8908,-68.8272,12.74,41,75,4.12,AR,1715449543
225,georgetown,5.4112,100.3354,27.96,91,40,1.03,MY,1715449984
226,qamdo,31.1667,97.2333,2.53,64,78,1.84,CN,1715449984
227,selfoss,63.9331,-20.9971,10.58,75,96,5.03,IS,1715449985
228,ceeldheer,3.8488,47.1806,28.35,80,88,6.58,SO,1715449985
229,mount gambier,-37.8333,140.7667,9.27,94,12,0.95,AU,1715449985
230,castillos,-34.1667,-53.8333,15.86,77,91,4.11,UY,1715449985
231,dolores,-36.3132,-57.6792,14.86,52,21,6.03,AR,1715449812
232,sandown,50.6516,-1.161,21.87,85,66,5.61,GB,1715449986
233,kwang binh,17.4833,106.6,26.0,89,74,1.79,VN,1715449986
234,sabalgarh,26.25,77.4,33.45,26,42,3.38,IN,1715449987
235,johi,26.6921,67.6133,33.53,32,54,2.64,PK,1715449987
236,chonchi,-42.6128,-73.8092,10.56,70,99,1.04,CL,1715449987
237,brookings,44.3114,-96.7984,23.39,36,0,6.69,US,1715449710
238,carnarvon,-24.8667,113.6333,23.64,42,28,2.44,AU,1715449988
239,alice springs,-23.7,133.8833,6.75,81,0,1.54,AU,1715449988
240,palafrugell,41.9174,3.1631,21.42,48,6,2.24,ES,1715449811
241,tazovsky,67.4667,78.7,-2.58,94,56,4.08,RU,1715449988
242,luderitz,-26.6481,15.1594,15.46,74,0,7.82,NA,1715449988
243,maslyanino,54.3436,84.2111,10.54,53,100,3.88,RU,1715449989
244,puerto del rosario,28.5004,-13.8627,24.86,50,20,8.75,ES,1715449989
245,shalkar,47.8288,59.6258,17.36,36,62,6.61,KZ,1715449989
246,lodz,51.75,19.4667,13.9,35,0,3.09,PL,1715449876
247,dedougou,12.4667,-3.4667,41.83,15,68,1.52,BF,1715449990
248,colombo,6.9319,79.8478,25.97,79,99,1.69,LK,1715449701
249,yulinshi,38.2906,109.7494,15.31,18,58,4.96,CN,1715449990
250,college,64.8569,-147.8028,10.61,41,40,3.09,US,1715449990
251,yellowknife,62.456,-114.3525,-0.71,86,100,5.66,CA,1715449773
252,devils lake,48.1128,-98.8651,26.06,35,0,6.17,US,1715449991
253,al wafrah,28.6392,47.9306,30.87,16,43,4.64,KW,1715449991
254,urumqi,43.801,87.6005,25.53,17,0,5.0,CN,1715449991
255,wailua homesteads,22.0669,-159.378,22.24,91,100,4.12,US,1715449991
256,constantia,44.1833,28.65,14.38,60,72,4.07,RO,1715449992
257,gadzhiyevo,69.2551,33.3362,0.11,86,100,3.86,RU,1715449992
258,happy valley-goose bay,53.3168,-60.3315,15.17,29,20,5.66,CA,1715449992
259,sarkand,45.41,79.9186,15.11,85,100,0.98,KZ,1715449993
260,smithers,54.7804,-127.1743,11.18,66,40,2.06,CA,1715449993
261,whitehorse,60.7161,-135.0538,5.43,44,75,6.71,CA,1715449775
262,dunedin,-45.8742,170.5036,10.45,84,95,2.68,NZ,1715449994
263,saint-joseph,-21.3667,55.6167,21.21,74,19,5.04,RE,1715449994
264,khovd,48.0056,91.6419,19.78,19,4,2.97,MN,1715449994
265,flin flon,54.7682,-101.865,15.91,39,100,9.26,CA,1715449994
266,verkhnevilyuysk,63.4453,120.3167,-2.97,78,36,1.29,RU,1715449995
267,ghadamis,30.1337,9.5007,26.22,20,60,3.39,LY,1715449995
268,narrabri,-30.3167,149.7833,14.18,96,46,1.44,AU,1715449995
269,igarka,67.4667,86.5833,-0.55,99,99,5.81,RU,1715449995
270,guiuan,11.0333,125.7247,28.65,80,89,4.8,PH,1715449995
271,tazacorte,28.629,-17.9293,22.3,76,20,7.2,ES,1715449996
272,waddan,29.1614,16.139,24.11,31,88,3.66,LY,1715449996
273,hericourt,47.5731,6.7614,26.59,81,15,2.38,FR,1715449996
274,brandon,27.9378,-82.2859,33.44,56,40,3.6,US,1715449865
275,boa vista,2.8197,-60.6733,29.99,70,75,2.06,BR,1715449970
276,najran,17.4924,44.1277,31.36,26,17,5.01,SA,1715449997
277,margate,51.3813,1.3862,15.49,79,74,2.24,GB,1715449997
278,pisco,-13.7,-76.2167,24.03,64,0,7.2,PE,1715449997
279,cabo san lucas,22.8909,-109.9124,31.45,44,80,4.09,MX,1715449997
280,tarauaca,-8.1614,-70.7656,33.2,49,31,1.48,BR,1715449998
281,isangel,-19.55,169.2667,22.5,83,27,5.35,VU,1715449967
282,newman,37.3138,-121.0208,26.8,44,0,0.89,US,1715449998
283,tura,25.5198,90.2201,22.75,86,94,1.88,IN,1715449998
284,island harbour,50.724,-1.2758,22.04,83,73,4.74,GB,1715449999
285,itamaraca,-7.7478,-34.8256,30.03,65,92,4.11,BR,1715449999
286,mahina,-17.5065,-149.489,27.87,74,0,2.57,PF,1715449999
287,illapel,-31.6308,-71.1653,14.38,49,65,2.27,CL,1715449571
288,moroto,2.5345,34.6666,22.16,63,91,3.7,UG,1715450000
289,saint-pierre,-21.3393,55.4781,21.82,73,0,3.09,RE,1715450000
290,saldanha,-33.0117,17.9442,13.03,71,5,6.24,ZA,1715450000
291,nemuro,43.3236,145.575,5.89,99,91,4.21,JP,1715450000
292,buka,40.8108,69.1986,16.27,69,85,2.07,UZ,1715449996
293,pil'na,55.5539,45.9219,4.47,92,100,5.02,RU,1715450001
294,antofagasta,-23.65,-70.4,16.6,76,100,4.76,CL,1715449419
295,rabo de peixe,37.8,-25.5833,18.73,99,20,8.23,PT,1715450001
296,christchurch,-43.5333,172.6333,5.18,88,0,1.54,NZ,1715449966
297,san felice circeo,41.2372,13.0942,20.18,72,31,3.5,IT,1715450002
298,beloyarskiy,63.7119,66.6722,1.11,93,100,3.13,RU,1715450002
299,lhokseumawe,5.1801,97.1507,25.72,95,100,2.76,ID,1715450002
300,rawlins,41.7911,-107.2387,12.97,43,0,2.06,US,1715450002
301,vangaindrano,-23.35,47.6,21.2,85,31,2.0,MG,1715450003
302,puerto san jose,13.9256,-90.8244,32.48,58,98,5.68,GT,1715450003
303,kone,-21.0595,164.8658,19.77,82,35,2.02,NC,1715450003
304,zonguldak,41.25,31.8333,10.17,95,100,1.55,TR,1715450003
305,namibe,-15.1961,12.1522,22.05,84,8,3.56,AO,1715450004
306,dudinka,69.4058,86.1778,-2.96,97,100,2.68,RU,1715450004
307,vila velha,-20.3297,-40.2925,30.97,66,20,6.69,BR,1715449693
308,uturoa,-16.7333,-151.4333,27.7,77,17,5.73,PF,1715450004
309,harar,9.3094,42.1258,20.02,61,92,1.6,ET,1715450005
310,chacabuco,-34.6417,-60.4739,17.12,51,29,5.26,AR,1715449814
311,gondomar,41.1445,-8.5322,24.01,77,40,6.26,PT,1715450005
312,shiguai,40.7058,110.2856,9.74,23,20,2.62,CN,1715450005
313,alaghsas,17.0187,8.0168,40.94,11,30,3.6,NE,1715450006
314,kombissiri,12.0656,-1.3375,38.99,18,99,1.0,BF,1715450006
315,hastings,50.8552,0.5729,19.33,85,46,6.94,GB,1715450006
316,elassona,39.8947,22.1886,17.63,88,100,0.62,GR,1715450006
317,dhidhdhoo,6.8833,73.1,30.24,69,95,2.03,MV,1715450006
318,aoulef,26.9667,1.0833,33.38,10,82,6.72,DZ,1715450007
319,minas de marcona,-15.2119,-75.1103,17.6,68,80,9.96,PE,1715450007
320,anori,-3.7728,-61.6442,33.82,54,36,1.5,BR,1715450007
321,arteche,12.2645,125.4048,26.54,87,75,3.45,PH,1715450007
322,ingeniero jacobacci,-41.3427,-69.5448,2.5,94,100,2.85,AR,1715450008
323,holliston,42.2001,-71.4245,14.97,66,60,1.79,US,1715450008
324,ksar el kebir,35.0017,-5.9053,24.46,61,18,2.29,MA,1715450008
325,rio grande,-32.035,-52.0986,18.06,91,100,4.56,BR,1715449727
326,i-n-salah,27.1935,2.4607,31.82,11,84,7.0,DZ,1715450009
327,al bawiti,28.3492,28.8659,24.02,30,0,3.79,EG,1715450009
328,koksan,38.7819,126.6664,7.22,98,53,1.26,KP,1715450009
329,obo,5.3998,26.4869,25.88,62,76,1.32,CF,1715450009
330,cannonvale,-20.2833,148.7,22.66,88,9,4.79,AU,1715450010
331,priargunsk,50.3691,119.1012,6.84,68,94,5.0,RU,1715450010
332,candeleda,40.1552,-5.2405,22.18,48,88,2.39,ES,1715450010
333,guerrero negro,27.9769,-114.0611,18.88,63,19,7.63,MX,1715450010
334,hirara,24.8,125.2833,25.92,88,20,4.12,JP,1715450010
335,candido mendes,-1.4467,-45.7167,28.26,87,97,1.48,BR,1715450011
336,skovorodino,53.9833,123.9167,3.5,85,100,3.87,RU,1715450011
337,hasaki,35.7333,140.8333,16.27,71,88,8.57,JP,1715450011
338,shingu,33.7333,135.9833,16.64,83,97,1.42,JP,1715450011
339,yarmouth,41.7057,-70.2286,13.87,71,75,7.15,US,1715450012
340,baganga,7.5739,126.56,25.51,88,62,2.24,PH,1715450012
341,fort scott,37.8398,-94.7083,25.19,50,0,0.57,US,1715449875
342,lincoln city,44.9582,-124.0179,23.91,81,3,0.45,US,1715450012
343,juan griego,11.0817,-63.9655,31.8,58,92,4.4,VE,1715450013
344,sarmiento,-45.5882,-69.07,6.57,58,26,3.89,AR,1715450013
345,nouadhibou,20.931,-17.0347,23.99,60,18,9.77,MR,1715450013
346,san policarpio,12.0675,124.5625,25.56,88,29,1.96,PH,1715450013
347,kussnacht,47.0856,8.4421,22.92,43,20,2.57,CH,1715450013
348,praia da vitoria,38.7333,-27.0667,22.14,68,75,2.25,PT,1715450014
349,bayanhongor,46.7167,100.1167,8.48,25,5,0.54,MN,1715450014
350,senanga,-16.1167,23.2667,22.26,30,2,2.25,ZM,1715450014
351,bakchar,57.0186,82.0711,6.56,56,96,1.88,RU,1715450014
352,lepsy,46.235,78.9456,18.34,62,100,3.0,KZ,1715450015
353,yinchuan,38.4681,106.2731,18.16,12,1,4.35,CN,1715450015
354,san-pedro,4.7485,-6.6363,28.83,78,97,3.02,CI,1715450015
355,tsetserleg,47.475,101.4542,10.84,31,24,2.49,MN,1715450016
356,galesong,-5.3166,119.3661,26.01,80,61,1.78,ID,1715450016
357,saudarkrokur,65.7461,-19.6394,7.84,85,96,2.17,IS,1715450016
358,ust-nera,64.5667,143.2,-3.07,86,73,2.98,RU,1715450016
359,goondiwindi,-28.55,150.3167,14.87,94,85,2.11,AU,1715450017
360,barra de santo antonio,-9.4047,-35.5072,29.6,75,56,3.26,BR,1715450017
361,labasa,-16.4167,179.3833,21.57,85,100,3.34,FJ,1715450017
362,san antonio,29.4241,-98.4936,30.25,52,75,6.17,US,1715449986
363,ypsonas,34.6884,32.9574,20.16,73,20,6.17,CY,1715450017
364,ciudad lazaro cardenas,17.9583,-102.2,28.87,48,89,4.0,MX,1715449965
365,bogande,12.9714,-0.1436,41.12,18,83,1.74,BF,1715450018
366,zouerate,22.7187,-12.4521,36.0,11,32,4.85,MR,1715450018
367,lai,9.3952,16.2989,38.0,16,1,1.2,TD,1715450018
368,merizo village,13.2658,144.6691,27.85,87,21,6.16,GU,1715450019
369,vung tau,10.346,107.0843,29.24,78,100,6.75,VN,1715450019
370,drama,41.1544,24.1394,17.21,60,61,0.43,GR,1715450019
371,la junta,37.985,-103.5438,13.16,88,100,2.57,US,1715450019
372,marshall,34.3834,-86.3333,24.6,48,0,0.45,US,1715449838
373,freetown,8.484,-13.2299,29.24,76,75,4.05,SL,1715450020
374,luganville,-15.5333,167.1667,24.47,85,100,4.85,VU,1715450020
375,meads,38.4126,-82.7091,19.06,78,100,5.14,US,1715450020
376,san fernando,15.0286,120.6898,27.85,81,65,1.63,PH,1715449886
377,realeza,-25.7689,-53.5325,31.35,36,37,2.84,BR,1715449904
378,rongelap,11.1635,166.8941,27.27,80,100,7.34,MH,1715450021
379,kenai,60.5544,-151.2583,7.05,65,100,8.23,US,1715450021
380,puerto baquerizo moreno,-0.9,-89.6,27.55,74,75,6.69,EC,1715450021
381,fortuna,40.5982,-124.1573,27.18,54,0,0.89,US,1715450022
382,salekhard,66.53,66.6019,-2.56,89,100,0.89,RU,1715450022
383,kavaratti,10.5669,72.642,30.42,68,95,4.85,IN,1715450022
384,bahia honda,22.9036,-83.1592,32.26,55,5,4.34,CU,1715450022
385,abong mbang,3.9833,13.1833,24.05,81,79,2.13,CM,1715450022
386,aroma,15.8167,36.1333,39.01,22,41,5.34,SD,1715450023
387,ambovombe,-25.1667,46.0833,21.71,87,0,2.33,MG,1715450023
388,sira,13.7453,76.9092,29.71,50,83,3.97,IN,1715450023
389,walvis bay,-22.9575,14.5053,17.76,64,2,6.31,NA,1715450023
390,wewak,-3.5534,143.6268,25.28,87,99,2.54,PG,1715450024
391,supe,-10.8,-77.7333,21.52,75,93,5.05,PE,1715450024
392,puerto colombia,10.9878,-74.9547,33.05,69,64,5.63,CO,1715450024
393,conduaga,8.862,117.4893,25.77,88,24,1.3,PH,1715450024
394,aswan,24.0934,32.907,38.61,8,0,3.09,EG,1715450025
395,dzhalagash,45.0833,64.6667,19.24,18,5,3.06,KZ,1715450025
396,tolanaro,-25.0319,46.9987,24.04,83,20,8.23,MG,1715450025
397,cam ranh,11.9214,109.1591,28.98,74,20,4.12,VN,1715450025
398,chemmumiahpet,15.8979,79.3213,30.14,65,0,3.8,IN,1715450026
399,san luis de la loma,17.2706,-100.8939,30.65,44,79,4.04,MX,1715450026
400,cot,9.8945,-83.873,22.94,87,98,2.09,CR,1715449801
401,petropavlovsk-kamchatsky,53.0452,158.6483,1.36,95,75,1.0,RU,1715450026
402,krasnokamensk,50.0979,118.0369,5.48,65,39,3.87,RU,1715450027
403,thisted,56.9552,8.6949,16.78,84,50,2.86,DK,1715450027
404,ivdel',60.6911,60.4206,2.33,77,99,1.79,RU,1715450027
405,la passe,45.5549,-0.8967,28.13,72,39,1.24,FR,1715450027
406,zarzis,33.504,11.1122,20.97,65,0,5.96,TN,1715450027
407,melfi,40.9965,15.6514,20.31,51,39,2.74,IT,1715449924
408,eenhana,-17.4667,16.3333,22.6,16,0,2.97,NA,1715450028
409,tumpat,6.1978,102.171,28.99,79,20,1.54,MY,1715450028
410,muang phonsavan,19.45,103.2167,18.59,97,24,0.52,LA,1715450028
411,naze,28.3667,129.4833,22.51,82,86,5.73,JP,1715450029
412,kokopo,-4.352,152.2633,25.87,87,100,1.88,PG,1715450029
413,kununurra,-15.7667,128.7333,24.99,53,1,4.63,AU,1715449961
414,maues,-3.3836,-57.7186,31.51,66,18,1.21,BR,1715450029
415,berbesti,44.9833,23.8833,13.79,68,88,2.79,RO,1715450030
416,biloela,-24.4167,150.5,16.26,91,9,1.21,AU,1715450030
417,arafat,21.3594,39.9664,33.88,43,0,2.05,SA,1715450030
418,bellary,15.15,76.9333,32.81,44,13,6.84,IN,1715450030
419,east ballina,-28.8667,153.5833,17.11,89,100,1.37,AU,1715450031
420,sur,22.5667,59.5289,30.59,58,0,2.83,OM,1715450031
421,crane,31.3974,-102.3501,22.88,59,75,8.21,US,1715450031
422,sampit,-2.5333,112.95,24.71,98,100,0.28,ID,1715450031
423,galveston,29.3669,-94.9669,27.32,67,100,8.23,US,1715449780
424,pangoa,-12.1167,-73.0,28.93,60,81,1.96,PE,1715450032
425,magistral'nyy,56.1725,107.4458,9.09,58,100,2.03,RU,1715450032
426,belyayevka,51.3974,56.4096,9.63,64,90,4.15,RU,1715450032
427,calvi,42.5,8.8333,14.35,67,0,1.54,FR,1715450033
428,acarau,-2.8856,-40.12,30.14,70,99,4.76,BR,1715450033
429,miranda,3.2499,-76.2281,28.07,74,75,0.58,CO,1715450033
430,mahaddayweyne,2.9726,45.5347,27.4,75,87,6.82,SO,1715450033
431,fale old settlement,-9.3852,-171.2468,29.28,70,55,5.06,TK,1715450034
432,grajau,-5.8194,-46.1386,31.84,43,51,1.66,BR,1715449923
433,lahat,-3.8,103.5333,22.85,97,68,1.22,ID,1715450034
434,poyang,28.9924,116.6675,21.67,90,100,5.4,CN,1715450034
435,zmeinogorsk,51.1567,82.195,9.49,87,100,2.06,RU,1715450035
436,flying fish cove,-10.4217,105.6791,26.82,89,75,4.63,CX,1715450035
437,muisne,0.6,-80.0333,27.41,80,100,3.61,EC,1715450035
438,alenquer,-1.9417,-54.7383,30.05,72,46,0.62,BR,1715450035
439,lithgow,-33.4833,150.15,8.69,98,100,0.4,AU,1715450036
440,vilyuysk,63.7553,121.6247,-1.67,68,65,0.45,RU,1715450036
441,dhalie,13.6957,44.7314,23.76,62,22,2.01,YE,1715450036
442,cockburn town,21.4612,-71.1419,28.98,74,40,3.6,TC,1715450000
443,pelabuhanratu,-6.9875,106.5514,26.39,85,51,0.4,ID,1715450036
444,ixtapa,20.7,-105.2,36.02,23,4,3.93,MX,1715450037
445,mopti,14.6667,-4.0,45.02,13,0,1.03,ML,1715450037
446,ash shihaniyah,25.3686,51.2264,30.97,33,59,3.86,QA,1715450037
447,strezhevoy,60.7333,77.5889,4.42,72,31,3.13,RU,1715450037
448,portland,45.5234,-122.6762,26.46,50,4,0.45,US,1715450038
449,inhambane,-23.865,35.3833,25.0,83,20,2.68,MZ,1715450038
450,shimoda,34.6667,138.95,16.17,73,84,2.48,JP,1715450038
451,tonota,-21.4833,27.4833,20.52,18,0,2.76,BW,1715450039
452,grand falls-windsor,48.9332,-55.6649,10.84,57,7,2.68,CA,1715450024
453,shubarshi,48.5872,57.1869,16.29,43,40,5.29,KZ,1715450039
454,kapa'a,22.0752,-159.319,22.99,91,100,4.12,US,1715450039
455,mabaruma,8.2,-59.7833,32.82,48,99,3.8,GY,1715450040
456,mogadishu,2.0371,45.3438,27.64,87,83,7.94,SO,1715450040
457,olyokminsk,60.3736,120.4264,-0.83,81,84,1.21,RU,1715450040
458,birendranagar,28.6019,81.6339,24.82,53,30,2.18,NP,1715450040
459,prince george,53.9166,-122.753,16.25,52,75,3.09,CA,1715450041
460,aldinga beach,-35.2793,138.4604,13.69,87,46,1.77,AU,1715450041
461,boende,-0.2167,20.8667,26.66,73,98,1.29,CD,1715450041
462,hammerfest,70.6634,23.6821,6.25,61,40,2.57,NO,1715450041
463,vilyuchinsk,52.9306,158.4028,2.18,89,100,0.09,RU,1715450041
464,ormara,25.2088,64.6357,28.16,75,0,1.55,PK,1715450042
465,spanish wells,26.323,-81.7957,32.23,59,75,5.14,US,1715450042
466,mazamari,-11.3258,-74.5308,32.61,48,97,0.17,PE,1715450042
467,nizhnevartovsk,60.9344,76.5531,5.01,60,0,2.0,RU,1715450042
468,reggane,26.7158,0.1714,34.99,9,87,5.97,DZ,1715450043
469,ito,34.9667,139.0833,15.38,81,82,2.84,JP,1715450043
470,pospelikha,51.95,81.7667,8.99,71,100,2.64,RU,1715450043
471,tarhuna,32.435,13.6332,19.19,54,0,3.99,LY,1715450044
472,sligo,54.2697,-8.4694,20.33,100,0,2.06,IE,1715449881
473,yagoua,10.3411,15.2329,38.63,15,2,3.13,CM,1715450044
474,fisterra,42.9049,-9.2629,13.75,89,30,6.93,ES,1715450044
475,tinghir,31.5157,-5.5343,26.97,14,97,1.07,MA,1715450045
476,remire-montjoly,4.9167,-52.2667,26.02,94,75,1.03,GF,1715450045
477,peniche,39.3558,-9.3811,17.94,88,84,8.05,PT,1715450045
478,kimbe,-5.5502,150.1429,24.78,93,98,1.73,PG,1715450045
479,oamaru,-45.0784,170.9801,5.21,76,2,2.42,NZ,1715450046
480,mar del plata,-38.0023,-57.5575,12.19,67,75,7.72,AR,1715449804
481,hadibu,12.65,54.0333,29.17,74,85,0.68,YE,1715450046
482,narasannapeta,18.4167,84.05,29.06,82,64,5.78,IN,1715450047
483,big spring,32.2504,-101.4787,22.25,56,100,7.2,US,1715450047
484,caleta de carquin,-11.0925,-77.6267,21.63,76,84,5.21,PE,1715450047
485,mariental,-24.6333,17.9667,25.15,21,0,4.68,NA,1715450047
486,vrangel',42.7297,133.0839,8.28,98,100,2.33,RU,1715450047
487,san rafael,-34.6177,-68.3301,9.96,36,100,4.09,AR,1715449540
488,st. john's,47.5649,-52.7093,4.82,89,75,5.66,CA,1715449831
489,mil'kovo,55.6078,37.7956,7.73,66,81,5.04,RU,1715450048
490,leava,-14.3,-178.1667,27.41,77,100,10.59,WF,1715450048
491,kinna,57.5073,12.6946,16.55,60,46,2.54,SE,1715449833
492,nizhnesortymskiy,62.4397,71.7603,3.04,95,94,8.6,RU,1715450049
493,shilin,24.8188,103.3324,14.85,88,39,1.17,CN,1715450049
494,mao,39.8885,4.2658,20.31,60,0,4.63,ES,1715450049
495,almyros,39.1822,22.7594,17.51,72,20,3.09,GR,1715450050
496,gobabis,-22.45,18.9667,21.75,27,2,5.14,NA,1715450050
497,bay city,43.5945,-83.8889,11.14,86,100,8.75,US,1715450050
498,bargaal,11.2864,51.0773,28.67,78,92,2.26,SO,1715450050
499,nuuk,64.1835,-51.7216,-0.66,80,75,4.12,GL,1715449947
500,fort bragg,35.139,-79.006,23.79,45,75,4.12,US,1715449902
501,tuy hoa,13.0833,109.3,25.85,92,100,0.99,VN,1715450051
502,qacha's nek,-30.1154,28.6894,10.03,53,0,0.57,LS,1715450051
503,nuku'alofa,-21.1333,-175.2,22.19,73,40,3.09,TO,1715450051
504,chandur,19.7333,79.1833,34.2,37,44,2.66,IN,1715450052
505,minot air force base,48.4209,-101.3391,27.05,34,0,8.75,US,1715450052
506,laurel,39.0993,-76.8483,18.86,58,75,3.09,US,1715449979
507,port saint john's,-31.6229,29.5448,19.69,68,70,2.27,ZA,1715450053
508,sabang,5.8933,95.3214,29.52,75,100,4.05,ID,1715450053
509,mejit,10.2753,170.8646,27.55,80,100,7.68,MH,1715450053
510,slavgorod,52.9978,78.6449,9.68,40,82,1.05,RU,1715450053
511,donduseni,48.2427,27.6101,12.48,73,96,4.16,MD,1715450054
512,mazatlan,23.2167,-106.4167,27.73,71,21,0.45,MX,1715450054
513,cole harbour,44.6724,-63.4751,8.66,79,100,8.23,CA,1715449783
514,kapuskasing,49.4169,-82.4331,14.05,51,75,4.12,CA,1715450054
515,peterhead,57.5058,-1.7981,20.25,88,22,6.86,GB,1715450055
516,sodra sandby,56.5667,16.6167,11.92,68,11,4.18,SE,1715450055
517,yaya,56.206,86.44,11.12,58,100,2.2,RU,1715450055
518,remontnoye,46.5614,43.6501,16.46,64,99,2.89,RU,1715450055
519,vorkuta,67.5,64.0,-9.94,96,12,2.68,RU,1715450056
520,sebring,27.4956,-81.4409,32.84,49,40,4.12,US,1715449861
521,tonghae,37.5439,129.1069,16.14,90,100,1.94,KR,1715450056
522,konstantinovsk,47.5828,41.0922,14.8,34,52,2.11,RU,1715450056
523,agnibilekrou,7.1344,-3.2047,27.5,80,77,3.87,CI,1715450056
524,hobart,-42.8794,147.3294,10.03,94,100,0.51,AU,1715450057
525,el calafate,-50.3408,-72.2768,2.68,60,82,1.25,AR,1715450057
526,lebu,-37.6167,-73.65,11.99,71,23,3.64,CL,1715450057
527,port-gentil,-0.7193,8.7815,27.98,89,40,5.14,GA,1715450058
528,anaco,9.4389,-64.4728,33.49,41,94,3.17,VE,1715449859
529,masterton,-40.9597,175.6575,8.27,95,0,1.1,NZ,1715450058
530,leninskoye,41.7589,69.3864,14.55,67,99,2.4,KZ,1715450059
531,magadan,59.5667,150.8,0.29,85,98,1.5,RU,1715450059
532,khorixas,-20.3667,14.9667,26.24,19,1,1.91,NA,1715450059
533,bakanas,44.8081,76.2772,18.74,67,100,4.05,KZ,1715450059
534,merta,26.65,74.0333,33.12,26,38,1.69,IN,1715450060
535,koz'modem'yansk,56.3367,46.5711,2.81,95,100,4.46,RU,1715450060
536,nacala,-14.5428,40.6728,25.46,79,24,2.92,MZ,1715450060
537,egilsstadir,65.2653,-14.3948,14.95,51,0,5.14,IS,1715450060
538,isabela,6.7085,121.9711,26.47,86,41,1.0,PH,1715450061
539,fort mcmurray,56.7268,-111.381,15.77,25,0,11.83,CA,1715450061
540,turgen,43.4006,77.5933,13.07,81,100,0.16,KZ,1715450061
541,nazyvayevsk,55.5698,71.3529,5.93,61,9,3.99,RU,1715450061
542,crucecita,-28.95,-58.9833,14.83,94,100,3.16,AR,1715450061
543,luninyets,52.2472,26.8047,8.02,63,31,3.85,BY,1715450062
544,berezovyy,51.6667,135.7,2.1,95,100,3.62,RU,1715450062
545,pointe-noire,-4.7761,11.8635,28.04,94,40,2.06,CG,1715450062
546,kukawa,12.9234,13.5606,35.33,18,73,3.97,NG,1715450062
547,ternate,0.8,127.4,27.44,80,77,1.41,ID,1715450063
548,laguna,38.421,-121.4238,30.05,43,0,0.45,US,1715450063
549,marshfield,44.6689,-90.1718,18.58,48,40,8.23,US,1715450004
550,marco island,25.9363,-81.7157,32.24,68,40,4.63,US,1715449901
551,progreso,21.2833,-89.6667,37.84,53,33,6.73,MX,1715450063
552,greymouth,-42.4667,171.2,4.79,91,26,3.12,NZ,1715450064
553,moree,-29.4667,149.85,13.99,96,68,2.16,AU,1715450064
554,coxim,-18.5067,-54.76,34.84,26,11,1.55,BR,1715450064
555,zeya,53.75,127.2667,8.05,42,100,2.08,RU,1715450065
556,kuala belait,4.5833,114.1833,27.09,87,100,3.2,BN,1715449801
557,palikir - national government center,6.9248,158.1611,27.41,83,100,2.57,FM,1715450065
558,tamanrasset,22.785,5.5228,32.95,9,0,2.57,DZ,1715450065
559,rancho palos verdes,33.7445,-118.387,23.3,84,40,2.68,US,1715450065
560,okhotsk,59.3833,143.3,-0.51,95,100,2.23,RU,1715450066
561,ujae,8.9322,165.7642,27.42,83,98,5.86,MH,1715450066
562,sandnessjoen,66.0217,12.6316,7.29,86,100,6.61,NO,1715450066
563,machico,32.7,-16.7667,22.62,66,20,6.69,PT,1715450066
564,nong kung si,16.65,103.3,29.2,62,12,0.81,TH,1715450067
565,pursat,12.3333,103.6667,23.48,84,17,1.06,KH,1715450067
566,vitebsk,55.1905,30.2033,4.05,72,85,3.32,BY,1715450035
567,urucara,-2.5364,-57.76,30.4,70,18,0.66,BR,1715450067
568,mugia,43.1041,-9.2179,13.84,86,41,4.43,ES,1715450067
569,vila franca do campo,37.7167,-25.4333,19.23,99,98,3.1,PT,1715450068
570,khanty-mansiysk,61.0042,69.0019,4.06,87,40,11.18,RU,1715450068
571,yuzhno-kurilsk,44.0306,145.8556,4.65,86,97,3.37,RU,1715450068
572,perryton,36.4,-100.8027,22.89,39,74,5.38,US,1715450068
573,brisas de zicatela,15.8369,-97.0419,29.39,52,100,3.43,MX,1715450069
574,usinsk,65.9939,57.5281,-0.64,84,38,4.79,RU,1715450069
575,tangalle,6.024,80.7911,26.42,90,97,1.51,LK,1715450069
576,tadine,-21.55,167.8833,21.4,77,30,6.79,NC,1715450069
577,las lomitas,-24.7096,-60.593,16.22,97,100,3.57,AR,1715450070
578,polyarnyy,69.1989,33.4478,0.31,86,100,4.1,RU,1715450070
579,marquette,46.5333,-87.6335,15.14,56,97,4.47,US,1715450062
580,shyroke,47.6917,33.2571,14.54,57,59,4.68,UA,1715450070
581,carmen de apicala,4.1473,-74.7201,31.08,60,25,1.99,CO,1715450071
582,seabra,-12.4186,-41.7703,26.63,60,68,3.88,BR,1715450071
583,tralee,52.2704,-9.7026,17.09,71,100,0.96,IE,1715450071
584,rikaze,29.25,88.8833,9.83,40,98,1.63,CN,1715450072
585,kundiawa,-6.0167,144.9667,17.21,97,100,0.98,PG,1715450072
586,vallenar,-28.5708,-70.7581,25.14,29,87,2.02,CL,1715450072
587,al wajh,26.2455,36.4525,31.97,22,0,0.0,SA,1715450072
588,amfissa,38.525,22.3731,16.51,66,97,1.99,GR,1715450072
589,colonia menno,-22.3667,-59.8167,31.29,48,52,6.26,PY,1715450073
590,zhaqsy,51.9083,67.3133,9.06,60,29,3.14,KZ,1715450073
591,vanimo,-2.6741,141.3028,26.17,90,100,2.55,PG,1715450073
592,eaglehawk,-36.7333,144.25,11.08,82,43,1.36,AU,1715450073
593,yamba,-5.9,22.3,25.9,74,77,1.67,CD,1715450074
594,huarmey,-10.0681,-78.1522,22.76,73,72,5.16,PE,1715450074
